{"cameraMode":{"drawMode":0,"name":"Shaded","section":"Shading Mode"},"sceneLighting":false,"audioPlay":false,"sceneViewState":{"showFog":true,"showMaterialUpdate":false,"showSkybox":false,"showFlares":true,"showImageEffects":true,"showParticleSystems":true},"in2DMode":false,"pivot":{"x":-0.1911787986755371,"y":0.5505623817443848,"z":0.798443078994751},"rotation":{"x":-0.02730400301516056,"y":-0.014396547339856625,"z":0.00039600100717507303,"w":-0.9995343685150147},"size":3.1718838214874269,"orthographic":true}